<metadata xml:lang="zh"><Esri><CreaDate>20191009</CreaDate><CreaTime>23104000</CreaTime><ArcGISFormat>1.0</ArcGISFormat><SyncOnce>FALSE</SyncOnce><DataProperties><itemProps><itemName Sync="TRUE">county_crash</itemName><imsContentType Sync="TRUE">002</imsContentType><itemLocation><linkage Sync="TRUE">file://\\DESKTOP-OBKJ4NN\C$\Users\Allen\Desktop\Crash\1\1\county_crash.shp</linkage><protocol Sync="TRUE">Local Area Network</protocol></itemLocation><nativeExtBox><westBL Sync="TRUE">-96.639540</westBL><eastBL Sync="TRUE">-90.140235</eastBL><southBL Sync="TRUE">40.375574</southBL><northBL Sync="TRUE">43.501081</northBL><exTypeCode Sync="TRUE">1</exTypeCode></nativeExtBox><itemSize Sync="TRUE">0.000</itemSize></itemProps><coordRef><type Sync="TRUE">Geographic</type><geogcsn Sync="TRUE">GCS_WGS_1984</geogcsn><csUnits Sync="TRUE">Angular Unit: Degree (0.017453)</csUnits><peXml Sync="TRUE">&lt;GeographicCoordinateSystem xsi:type='typens:GeographicCoordinateSystem' xmlns:xsi='http://www.w3.org/2001/XMLSchema-instance' xmlns:xs='http://www.w3.org/2001/XMLSchema' xmlns:typens='http://www.esri.com/schemas/ArcGIS/2.4.0'&gt;&lt;WKT&gt;GEOGCS[&amp;quot;GCS_WGS_1984&amp;quot;,DATUM[&amp;quot;D_WGS_1984&amp;quot;,SPHEROID[&amp;quot;WGS_1984&amp;quot;,6378137.0,298.257223563]],PRIMEM[&amp;quot;Greenwich&amp;quot;,0.0],UNIT[&amp;quot;Degree&amp;quot;,0.0174532925199433],AUTHORITY[&amp;quot;EPSG&amp;quot;,4326]]&lt;/WKT&gt;&lt;XOrigin&gt;-400&lt;/XOrigin&gt;&lt;YOrigin&gt;-400&lt;/YOrigin&gt;&lt;XYScale&gt;11258999068426.238&lt;/XYScale&gt;&lt;ZOrigin&gt;-100000&lt;/ZOrigin&gt;&lt;ZScale&gt;10000&lt;/ZScale&gt;&lt;MOrigin&gt;-100000&lt;/MOrigin&gt;&lt;MScale&gt;10000&lt;/MScale&gt;&lt;XYTolerance&gt;8.983152841195215e-09&lt;/XYTolerance&gt;&lt;ZTolerance&gt;0.001&lt;/ZTolerance&gt;&lt;MTolerance&gt;0.001&lt;/MTolerance&gt;&lt;HighPrecision&gt;true&lt;/HighPrecision&gt;&lt;LeftLongitude&gt;-180&lt;/LeftLongitude&gt;&lt;WKID&gt;4326&lt;/WKID&gt;&lt;LatestWKID&gt;4326&lt;/LatestWKID&gt;&lt;/GeographicCoordinateSystem&gt;</peXml></coordRef><lineage><Process ToolSource="d:\tamu\arcgis pro\Resources\ArcToolbox\toolboxes\Conversion Tools.tbx\FeatureClassToFeatureClass" Date="20191009" Time="231041">FeatureClassToFeatureClass C:\Users\Allen\Desktop\Crush\county\SICL_County_Traffic_Crash_Data_Location.shp C:\Users\Allen\Documents\ArcGIS\Projects\crash\crash.gdb county_crash # "OBJECTID "OBJECTID" true true false 10 Long 0 10,First,#,C:\Users\Allen\Desktop\Crush\county\SICL_County_Traffic_Crash_Data_Location.shp,OBJECTID,-1,-1;POP1990 "POP1990" true true false 10 Long 0 10,First,#,C:\Users\Allen\Desktop\Crush\county\SICL_County_Traffic_Crash_Data_Location.shp,POP1990,-1,-1;POP2000 "POP2000" true true false 10 Long 0 10,First,#,C:\Users\Allen\Desktop\Crush\county\SICL_County_Traffic_Crash_Data_Location.shp,POP2000,-1,-1;ALLCRASH "ALLCRASH" true true false 10 Long 0 10,First,#,C:\Users\Allen\Desktop\Crush\county\SICL_County_Traffic_Crash_Data_Location.shp,ALLCRASH,-1,-1;FCRASH "FCRASH" true true false 10 Long 0 10,First,#,C:\Users\Allen\Desktop\Crush\county\SICL_County_Traffic_Crash_Data_Location.shp,FCRASH,-1,-1;MACRASH "MACRASH" true true false 10 Long 0 10,First,#,C:\Users\Allen\Desktop\Crush\county\SICL_County_Traffic_Crash_Data_Location.shp,MACRASH,-1,-1;MICRASH "MICRASH" true true false 10 Long 0 10,First,#,C:\Users\Allen\Desktop\Crush\county\SICL_County_Traffic_Crash_Data_Location.shp,MICRASH,-1,-1;POCRASH "POCRASH" true true false 10 Long 0 10,First,#,C:\Users\Allen\Desktop\Crush\county\SICL_County_Traffic_Crash_Data_Location.shp,POCRASH,-1,-1;PDOCRASH "PDOCRASH" true true false 10 Long 0 10,First,#,C:\Users\Allen\Desktop\Crush\county\SICL_County_Traffic_Crash_Data_Location.shp,PDOCRASH,-1,-1;TPROPDMG "TPROPDMG" true true false 10 Long 0 10,First,#,C:\Users\Allen\Desktop\Crush\county\SICL_County_Traffic_Crash_Data_Location.shp,TPROPDMG,-1,-1;ALLINJS "ALLINJS" true true false 10 Long 0 10,First,#,C:\Users\Allen\Desktop\Crush\county\SICL_County_Traffic_Crash_Data_Location.shp,ALLINJS,-1,-1;TFATALITY "TFATALITY" true true false 10 Long 0 10,First,#,C:\Users\Allen\Desktop\Crush\county\SICL_County_Traffic_Crash_Data_Location.shp,TFATALITY,-1,-1;TMAJINJ "TMAJINJ" true true false 10 Long 0 10,First,#,C:\Users\Allen\Desktop\Crush\county\SICL_County_Traffic_Crash_Data_Location.shp,TMAJINJ,-1,-1;TMININJ "TMININJ" true true false 10 Long 0 10,First,#,C:\Users\Allen\Desktop\Crush\county\SICL_County_Traffic_Crash_Data_Location.shp,TMININJ,-1,-1;TPOSSINJ "TPOSSINJ" true true false 10 Long 0 10,First,#,C:\Users\Allen\Desktop\Crush\county\SICL_County_Traffic_Crash_Data_Location.shp,TPOSSINJ,-1,-1;TUNKINJ "TUNKINJ" true true false 10 Long 0 10,First,#,C:\Users\Allen\Desktop\Crush\county\SICL_County_Traffic_Crash_Data_Location.shp,TUNKINJ,-1,-1;ALCDRUGCR "ALCDRUGCR" true true false 10 Long 0 10,First,#,C:\Users\Allen\Desktop\Crush\county\SICL_County_Traffic_Crash_Data_Location.shp,ALCDRUGCR,-1,-1;ALCDRUGFCR "ALCDRUGFCR" true true false 10 Long 0 10,First,#,C:\Users\Allen\Desktop\Crush\county\SICL_County_Traffic_Crash_Data_Location.shp,ALCDRUGFCR,-1,-1;ALCDRUGMCR "ALCDRUGMCR" true true false 10 Long 0 10,First,#,C:\Users\Allen\Desktop\Crush\county\SICL_County_Traffic_Crash_Data_Location.shp,ALCDRUGMCR,-1,-1;ALCDRUGFAT "ALCDRUGFAT" true true false 10 Long 0 10,First,#,C:\Users\Allen\Desktop\Crush\county\SICL_County_Traffic_Crash_Data_Location.shp,ALCDRUGFAT,-1,-1;ALCDRUGMAJ "ALCDRUGMAJ" true true false 10 Long 0 10,First,#,C:\Users\Allen\Desktop\Crush\county\SICL_County_Traffic_Crash_Data_Location.shp,ALCDRUGMAJ,-1,-1;ALCDRUGINJ "ALCDRUGINJ" true true false 10 Long 0 10,First,#,C:\Users\Allen\Desktop\Crush\county\SICL_County_Traffic_Crash_Data_Location.shp,ALCDRUGINJ,-1,-1;ALCDRUGFI "ALCDRUGFI" true true false 10 Long 0 10,First,#,C:\Users\Allen\Desktop\Crush\county\SICL_County_Traffic_Crash_Data_Location.shp,ALCDRUGFI,-1,-1;ALCOCR "ALCOCR" true true false 10 Long 0 10,First,#,C:\Users\Allen\Desktop\Crush\county\SICL_County_Traffic_Crash_Data_Location.shp,ALCOCR,-1,-1;ALCOFCR "ALCOFCR" true true false 10 Long 0 10,First,#,C:\Users\Allen\Desktop\Crush\county\SICL_County_Traffic_Crash_Data_Location.shp,ALCOFCR,-1,-1;ALCOMCR "ALCOMCR" true true false 10 Long 0 10,First,#,C:\Users\Allen\Desktop\Crush\county\SICL_County_Traffic_Crash_Data_Location.shp,ALCOMCR,-1,-1;ALCOFAT "ALCOFAT" true true false 10 Long 0 10,First,#,C:\Users\Allen\Desktop\Crush\county\SICL_County_Traffic_Crash_Data_Location.shp,ALCOFAT,-1,-1;ALCOMAJ "ALCOMAJ" true true false 10 Long 0 10,First,#,C:\Users\Allen\Desktop\Crush\county\SICL_County_Traffic_Crash_Data_Location.shp,ALCOMAJ,-1,-1;ALCOINJ "ALCOINJ" true true false 10 Long 0 10,First,#,C:\Users\Allen\Desktop\Crush\county\SICL_County_Traffic_Crash_Data_Location.shp,ALCOINJ,-1,-1;ALCOFI "ALCOFI" true true false 10 Long 0 10,First,#,C:\Users\Allen\Desktop\Crush\county\SICL_County_Traffic_Crash_Data_Location.shp,ALCOFI,-1,-1;MOTOCR "MOTOCR" true true false 10 Long 0 10,First,#,C:\Users\Allen\Desktop\Crush\county\SICL_County_Traffic_Crash_Data_Location.shp,MOTOCR,-1,-1;MOTOFCR "MOTOFCR" true true false 10 Long 0 10,First,#,C:\Users\Allen\Desktop\Crush\county\SICL_County_Traffic_Crash_Data_Location.shp,MOTOFCR,-1,-1;MOTOMCR "MOTOMCR" true true false 10 Long 0 10,First,#,C:\Users\Allen\Desktop\Crush\county\SICL_County_Traffic_Crash_Data_Location.shp,MOTOMCR,-1,-1;MOTOFAT "MOTOFAT" true true false 10 Long 0 10,First,#,C:\Users\Allen\Desktop\Crush\county\SICL_County_Traffic_Crash_Data_Location.shp,MOTOFAT,-1,-1;MOTOMAJ "MOTOMAJ" true true false 10 Long 0 10,First,#,C:\Users\Allen\Desktop\Crush\county\SICL_County_Traffic_Crash_Data_Location.shp,MOTOMAJ,-1,-1;MOTOINJ "MOTOINJ" true true false 10 Long 0 10,First,#,C:\Users\Allen\Desktop\Crush\county\SICL_County_Traffic_Crash_Data_Location.shp,MOTOINJ,-1,-1;MOTOFI "MOTOFI" true true false 10 Long 0 10,First,#,C:\Users\Allen\Desktop\Crush\county\SICL_County_Traffic_Crash_Data_Location.shp,MOTOFI,-1,-1;PEDCR "PEDCR" true true false 10 Long 0 10,First,#,C:\Users\Allen\Desktop\Crush\county\SICL_County_Traffic_Crash_Data_Location.shp,PEDCR,-1,-1;PEDFCR "PEDFCR" true true false 10 Long 0 10,First,#,C:\Users\Allen\Desktop\Crush\county\SICL_County_Traffic_Crash_Data_Location.shp,PEDFCR,-1,-1;PEDMCR "PEDMCR" true true false 10 Long 0 10,First,#,C:\Users\Allen\Desktop\Crush\county\SICL_County_Traffic_Crash_Data_Location.shp,PEDMCR,-1,-1;PEDFAT "PEDFAT" true true false 10 Long 0 10,First,#,C:\Users\Allen\Desktop\Crush\county\SICL_County_Traffic_Crash_Data_Location.shp,PEDFAT,-1,-1;PEDMAJ "PEDMAJ" true true false 10 Long 0 10,First,#,C:\Users\Allen\Desktop\Crush\county\SICL_County_Traffic_Crash_Data_Location.shp,PEDMAJ,-1,-1;PEDINJ "PEDINJ" true true false 10 Long 0 10,First,#,C:\Users\Allen\Desktop\Crush\county\SICL_County_Traffic_Crash_Data_Location.shp,PEDINJ,-1,-1;PEDFI "PEDFI" true true false 10 Long 0 10,First,#,C:\Users\Allen\Desktop\Crush\county\SICL_County_Traffic_Crash_Data_Location.shp,PEDFI,-1,-1;BIKECR "BIKECR" true true false 10 Long 0 10,First,#,C:\Users\Allen\Desktop\Crush\county\SICL_County_Traffic_Crash_Data_Location.shp,BIKECR,-1,-1;BIKEFCR "BIKEFCR" true true false 10 Long 0 10,First,#,C:\Users\Allen\Desktop\Crush\county\SICL_County_Traffic_Crash_Data_Location.shp,BIKEFCR,-1,-1;BIKEMCR "BIKEMCR" true true false 10 Long 0 10,First,#,C:\Users\Allen\Desktop\Crush\county\SICL_County_Traffic_Crash_Data_Location.shp,BIKEMCR,-1,-1;BIKEFAT "BIKEFAT" true true false 10 Long 0 10,First,#,C:\Users\Allen\Desktop\Crush\county\SICL_County_Traffic_Crash_Data_Location.shp,BIKEFAT,-1,-1;BIKEMAJ "BIKEMAJ" true true false 10 Long 0 10,First,#,C:\Users\Allen\Desktop\Crush\county\SICL_County_Traffic_Crash_Data_Location.shp,BIKEMAJ,-1,-1;BIKEINJ "BIKEINJ" true true false 10 Long 0 10,First,#,C:\Users\Allen\Desktop\Crush\county\SICL_County_Traffic_Crash_Data_Location.shp,BIKEINJ,-1,-1;BIKEFI "BIKEFI" true true false 10 Long 0 10,First,#,C:\Users\Allen\Desktop\Crush\county\SICL_County_Traffic_Crash_Data_Location.shp,BIKEFI,-1,-1;SBUSCR "SBUSCR" true true false 10 Long 0 10,First,#,C:\Users\Allen\Desktop\Crush\county\SICL_County_Traffic_Crash_Data_Location.shp,SBUSCR,-1,-1;SBUSFCR "SBUSFCR" true true false 10 Long 0 10,First,#,C:\Users\Allen\Desktop\Crush\county\SICL_County_Traffic_Crash_Data_Location.shp,SBUSFCR,-1,-1;SBUSMCR "SBUSMCR" true true false 10 Long 0 10,First,#,C:\Users\Allen\Desktop\Crush\county\SICL_County_Traffic_Crash_Data_Location.shp,SBUSMCR,-1,-1;SBUSFAT "SBUSFAT" true true false 10 Long 0 10,First,#,C:\Users\Allen\Desktop\Crush\county\SICL_County_Traffic_Crash_Data_Location.shp,SBUSFAT,-1,-1;SBUSMAJ "SBUSMAJ" true true false 10 Long 0 10,First,#,C:\Users\Allen\Desktop\Crush\county\SICL_County_Traffic_Crash_Data_Location.shp,SBUSMAJ,-1,-1;SBUSINJ "SBUSINJ" true true false 10 Long 0 10,First,#,C:\Users\Allen\Desktop\Crush\county\SICL_County_Traffic_Crash_Data_Location.shp,SBUSINJ,-1,-1;SBUSFI "SBUSFI" true true false 10 Long 0 10,First,#,C:\Users\Allen\Desktop\Crush\county\SICL_County_Traffic_Crash_Data_Location.shp,SBUSFI,-1,-1;NBUSCR "NBUSCR" true true false 10 Long 0 10,First,#,C:\Users\Allen\Desktop\Crush\county\SICL_County_Traffic_Crash_Data_Location.shp,NBUSCR,-1,-1;NBUSFCR "NBUSFCR" true true false 10 Long 0 10,First,#,C:\Users\Allen\Desktop\Crush\county\SICL_County_Traffic_Crash_Data_Location.shp,NBUSFCR,-1,-1;NBUSMCR "NBUSMCR" true true false 10 Long 0 10,First,#,C:\Users\Allen\Desktop\Crush\county\SICL_County_Traffic_Crash_Data_Location.shp,NBUSMCR,-1,-1;NBUSFAT "NBUSFAT" true true false 10 Long 0 10,First,#,C:\Users\Allen\Desktop\Crush\county\SICL_County_Traffic_Crash_Data_Location.shp,NBUSFAT,-1,-1;NBUSMAJ "NBUSMAJ" true true false 10 Long 0 10,First,#,C:\Users\Allen\Desktop\Crush\county\SICL_County_Traffic_Crash_Data_Location.shp,NBUSMAJ,-1,-1;NBUSINJ "NBUSINJ" true true false 10 Long 0 10,First,#,C:\Users\Allen\Desktop\Crush\county\SICL_County_Traffic_Crash_Data_Location.shp,NBUSINJ,-1,-1;NBUSFI "NBUSFI" true true false 10 Long 0 10,First,#,C:\Users\Allen\Desktop\Crush\county\SICL_County_Traffic_Crash_Data_Location.shp,NBUSFI,-1,-1;TRKCR "TRKCR" true true false 10 Long 0 10,First,#,C:\Users\Allen\Desktop\Crush\county\SICL_County_Traffic_Crash_Data_Location.shp,TRKCR,-1,-1;TRKFCR "TRKFCR" true true false 10 Long 0 10,First,#,C:\Users\Allen\Desktop\Crush\county\SICL_County_Traffic_Crash_Data_Location.shp,TRKFCR,-1,-1;TRKMCR "TRKMCR" true true false 10 Long 0 10,First,#,C:\Users\Allen\Desktop\Crush\county\SICL_County_Traffic_Crash_Data_Location.shp,TRKMCR,-1,-1;TRKFAT "TRKFAT" true true false 10 Long 0 10,First,#,C:\Users\Allen\Desktop\Crush\county\SICL_County_Traffic_Crash_Data_Location.shp,TRKFAT,-1,-1;TRKMAJ "TRKMAJ" true true false 10 Long 0 10,First,#,C:\Users\Allen\Desktop\Crush\county\SICL_County_Traffic_Crash_Data_Location.shp,TRKMAJ,-1,-1;TRKINJ "TRKINJ" true true false 10 Long 0 10,First,#,C:\Users\Allen\Desktop\Crush\county\SICL_County_Traffic_Crash_Data_Location.shp,TRKINJ,-1,-1;TRKFI "TRKFI" true true false 10 Long 0 10,First,#,C:\Users\Allen\Desktop\Crush\county\SICL_County_Traffic_Crash_Data_Location.shp,TRKFI,-1,-1;HTRKCR "HTRKCR" true true false 10 Long 0 10,First,#,C:\Users\Allen\Desktop\Crush\county\SICL_County_Traffic_Crash_Data_Location.shp,HTRKCR,-1,-1;HTRKFCR "HTRKFCR" true true false 10 Long 0 10,First,#,C:\Users\Allen\Desktop\Crush\county\SICL_County_Traffic_Crash_Data_Location.shp,HTRKFCR,-1,-1;HTRKMCR "HTRKMCR" true true false 10 Long 0 10,First,#,C:\Users\Allen\Desktop\Crush\county\SICL_County_Traffic_Crash_Data_Location.shp,HTRKMCR,-1,-1;HTRKFAT "HTRKFAT" true true false 10 Long 0 10,First,#,C:\Users\Allen\Desktop\Crush\county\SICL_County_Traffic_Crash_Data_Location.shp,HTRKFAT,-1,-1;HTRKMAJ "HTRKMAJ" true true false 10 Long 0 10,First,#,C:\Users\Allen\Desktop\Crush\county\SICL_County_Traffic_Crash_Data_Location.shp,HTRKMAJ,-1,-1;HTRKINJ "HTRKINJ" true true false 10 Long 0 10,First,#,C:\Users\Allen\Desktop\Crush\county\SICL_County_Traffic_Crash_Data_Location.shp,HTRKINJ,-1,-1;HTRKFI "HTRKFI" true true false 10 Long 0 10,First,#,C:\Users\Allen\Desktop\Crush\county\SICL_County_Traffic_Crash_Data_Location.shp,HTRKFI,-1,-1;JAN "JAN" true true false 10 Long 0 10,First,#,C:\Users\Allen\Desktop\Crush\county\SICL_County_Traffic_Crash_Data_Location.shp,JAN,-1,-1;FEB "FEB" true true false 10 Long 0 10,First,#,C:\Users\Allen\Desktop\Crush\county\SICL_County_Traffic_Crash_Data_Location.shp,FEB,-1,-1;MAR "MAR" true true false 10 Long 0 10,First,#,C:\Users\Allen\Desktop\Crush\county\SICL_County_Traffic_Crash_Data_Location.shp,MAR,-1,-1;APR "APR" true true false 10 Long 0 10,First,#,C:\Users\Allen\Desktop\Crush\county\SICL_County_Traffic_Crash_Data_Location.shp,APR,-1,-1;MAY "MAY" true true false 10 Long 0 10,First,#,C:\Users\Allen\Desktop\Crush\county\SICL_County_Traffic_Crash_Data_Location.shp,MAY,-1,-1;JUN "JUN" true true false 10 Long 0 10,First,#,C:\Users\Allen\Desktop\Crush\county\SICL_County_Traffic_Crash_Data_Location.shp,JUN,-1,-1;JUL "JUL" true true false 10 Long 0 10,First,#,C:\Users\Allen\Desktop\Crush\county\SICL_County_Traffic_Crash_Data_Location.shp,JUL,-1,-1;AUG "AUG" true true false 10 Long 0 10,First,#,C:\Users\Allen\Desktop\Crush\county\SICL_County_Traffic_Crash_Data_Location.shp,AUG,-1,-1;SEP "SEP" true true false 10 Long 0 10,First,#,C:\Users\Allen\Desktop\Crush\county\SICL_County_Traffic_Crash_Data_Location.shp,SEP,-1,-1;OCT "OCT" true true false 10 Long 0 10,First,#,C:\Users\Allen\Desktop\Crush\county\SICL_County_Traffic_Crash_Data_Location.shp,OCT,-1,-1;NOV "NOV" true true false 10 Long 0 10,First,#,C:\Users\Allen\Desktop\Crush\county\SICL_County_Traffic_Crash_Data_Location.shp,NOV,-1,-1;DEC "DEC" true true false 10 Long 0 10,First,#,C:\Users\Allen\Desktop\Crush\county\SICL_County_Traffic_Crash_Data_Location.shp,DEC,-1,-1;HOUR1 "HOUR1" true true false 10 Long 0 10,First,#,C:\Users\Allen\Desktop\Crush\county\SICL_County_Traffic_Crash_Data_Location.shp,HOUR1,-1,-1;HOUR2 "HOUR2" true true false 10 Long 0 10,First,#,C:\Users\Allen\Desktop\Crush\county\SICL_County_Traffic_Crash_Data_Location.shp,HOUR2,-1,-1;HOUR3 "HOUR3" true true false 10 Long 0 10,First,#,C:\Users\Allen\Desktop\Crush\county\SICL_County_Traffic_Crash_Data_Location.shp,HOUR3,-1,-1;HOUR4 "HOUR4" true true false 10 Long 0 10,First,#,C:\Users\Allen\Desktop\Crush\county\SICL_County_Traffic_Crash_Data_Location.shp,HOUR4,-1,-1;HOUR5 "HOUR5" true true false 10 Long 0 10,First,#,C:\Users\Allen\Desktop\Crush\county\SICL_County_Traffic_Crash_Data_Location.shp,HOUR5,-1,-1;HOUR6 "HOUR6" true true false 10 Long 0 10,First,#,C:\Users\Allen\Desktop\Crush\county\SICL_County_Traffic_Crash_Data_Location.shp,HOUR6,-1,-1;HOUR7 "HOUR7" true true false 10 Long 0 10,First,#,C:\Users\Allen\Desktop\Crush\county\SICL_County_Traffic_Crash_Data_Location.shp,HOUR7,-1,-1;HOUR8 "HOUR8" true true false 10 Long 0 10,First,#,C:\Users\Allen\Desktop\Crush\county\SICL_County_Traffic_Crash_Data_Location.shp,HOUR8,-1,-1;HOUR9 "HOUR9" true true false 10 Long 0 10,First,#,C:\Users\Allen\Desktop\Crush\county\SICL_County_Traffic_Crash_Data_Location.shp,HOUR9,-1,-1;HOUR10 "HOUR10" true true false 10 Long 0 10,First,#,C:\Users\Allen\Desktop\Crush\county\SICL_County_Traffic_Crash_Data_Location.shp,HOUR10,-1,-1;HOUR11 "HOUR11" true true false 10 Long 0 10,First,#,C:\Users\Allen\Desktop\Crush\county\SICL_County_Traffic_Crash_Data_Location.shp,HOUR11,-1,-1;HOUR12 "HOUR12" true true false 10 Long 0 10,First,#,C:\Users\Allen\Desktop\Crush\county\SICL_County_Traffic_Crash_Data_Location.shp,HOUR12,-1,-1;YEAR "YEAR" true true false 80 Text 0 0,First,#,C:\Users\Allen\Desktop\Crush\county\SICL_County_Traffic_Crash_Data_Location.shp,YEAR,0,80;COUNTY_NUM "COUNTY_NUM" true true false 10 Long 0 10,First,#,C:\Users\Allen\Desktop\Crush\county\SICL_County_Traffic_Crash_Data_Location.shp,COUNTY_NUM,-1,-1;COUNTY_NAM "COUNTY_NAM" true true false 80 Text 0 0,First,#,C:\Users\Allen\Desktop\Crush\county\SICL_County_Traffic_Crash_Data_Location.shp,COUNTY_NAM,0,80;POP2010 "POP2010" true true false 10 Long 0 10,First,#,C:\Users\Allen\Desktop\Crush\county\SICL_County_Traffic_Crash_Data_Location.shp,POP2010,-1,-1;REST_UPDAT "REST_UPDAT" true true false 80 Text 0 0,First,#,C:\Users\Allen\Desktop\Crush\county\SICL_County_Traffic_Crash_Data_Location.shp,REST_UPDAT,0,80;REST_UTC_O "REST_UTC_O" true true false 80 Text 0 0,First,#,C:\Users\Allen\Desktop\Crush\county\SICL_County_Traffic_Crash_Data_Location.shp,REST_UTC_O,0,80;AREA_ACRE "AREA_ACRE" true true false 24 Double 15 23,First,#,C:\Users\Allen\Desktop\Crush\county\SICL_County_Traffic_Crash_Data_Location.shp,AREA_ACRE,-1,-1;PERIMETER_ "PERIMETER_" true true false 24 Double 15 23,First,#,C:\Users\Allen\Desktop\Crush\county\SICL_County_Traffic_Crash_Data_Location.shp,PERIMETER_,-1,-1;Shape__Are "Shape__Are" true true false 24 Double 15 23,First,#,C:\Users\Allen\Desktop\Crush\county\SICL_County_Traffic_Crash_Data_Location.shp,Shape__Are,-1,-1;Shape__Len "Shape__Len" true true false 24 Double 15 23,First,#,C:\Users\Allen\Desktop\Crush\county\SICL_County_Traffic_Crash_Data_Location.shp,Shape__Len,-1,-1" #</Process><Process ToolSource="d:\tamu\arcgis pro\Resources\ArcToolbox\toolboxes\Data Management Tools.tbx\CopyFeatures" Date="20191114" Time="035201">CopyFeatures county_crash C:\Users\Allen\Desktop\Crash\1\1\county_crash.shp # # # #</Process></lineage></DataProperties><SyncDate>20191114</SyncDate><SyncTime>03520100</SyncTime><ModDate>20191114</ModDate><ModTime>03520100</ModTime></Esri><dataIdInfo><envirDesc Sync="TRUE">Microsoft Windows 10 Version 10.0 (Build 17763) ; Esri ArcGIS 12.4.2.19948</envirDesc><dataLang><languageCode value="zho" Sync="TRUE"></languageCode><countryCode value="CHN" Sync="TRUE"></countryCode></dataLang><idCitation><resTitle Sync="TRUE">county_crash</resTitle><presForm><PresFormCd value="005" Sync="TRUE"></PresFormCd></presForm></idCitation><spatRpType><SpatRepTypCd value="001" Sync="TRUE"></SpatRepTypCd></spatRpType><dataExt><geoEle><GeoBndBox esriExtentType="search"><exTypeCode Sync="TRUE">1</exTypeCode><westBL Sync="TRUE">-96.639540</westBL><eastBL Sync="TRUE">-90.140235</eastBL><northBL Sync="TRUE">43.501081</northBL><southBL Sync="TRUE">40.375574</southBL></GeoBndBox></geoEle></dataExt></dataIdInfo><mdLang><languageCode value="zho" Sync="TRUE"></languageCode><countryCode value="CHN" Sync="TRUE"></countryCode></mdLang><distInfo><distFormat><formatName Sync="TRUE">Shapefile</formatName></distFormat><distTranOps><transSize Sync="TRUE">0.000</transSize></distTranOps></distInfo><mdHrLv><ScopeCd value="005" Sync="TRUE"></ScopeCd></mdHrLv><mdHrLvName Sync="TRUE">dataset</mdHrLvName><refSysInfo><RefSystem><refSysID><identCode code="4326" Sync="TRUE"></identCode><idCodeSpace Sync="TRUE">EPSG</idCodeSpace><idVersion Sync="TRUE">6.14(3.0.1)</idVersion></refSysID></RefSystem></refSysInfo><spatRepInfo><VectSpatRep><geometObjs Name="county_crash"><geoObjTyp><GeoObjTypCd value="002" Sync="TRUE"></GeoObjTypCd></geoObjTyp><geoObjCnt Sync="TRUE">0</geoObjCnt></geometObjs><topLvl><TopoLevCd value="001" Sync="TRUE"></TopoLevCd></topLvl></VectSpatRep></spatRepInfo><spdoinfo><ptvctinf><esriterm Name="county_crash"><efeatyp Sync="TRUE">Simple</efeatyp><efeageom code="4" Sync="TRUE"></efeageom><esritopo Sync="TRUE">FALSE</esritopo><efeacnt Sync="TRUE">0</efeacnt><spindex Sync="TRUE">FALSE</spindex><linrefer Sync="TRUE">FALSE</linrefer></esriterm></ptvctinf></spdoinfo><eainfo><detailed Name="county_crash"><enttyp><enttypl Sync="TRUE">county_crash</enttypl><enttypt Sync="TRUE">Feature Class</enttypt><enttypc Sync="TRUE">0</enttypc></enttyp><attr><attrlabl Sync="TRUE">FID</attrlabl><attalias Sync="TRUE">FID</attalias><attrtype Sync="TRUE">OID</attrtype><attwidth Sync="TRUE">4</attwidth><atprecis Sync="TRUE">0</atprecis><attscale Sync="TRUE">0</attscale><attrdef Sync="TRUE">Internal feature number.</attrdef><attrdefs Sync="TRUE">Esri</attrdefs><attrdomv><udom Sync="TRUE">Sequential unique whole numbers that are automatically generated.</udom></attrdomv></attr><attr><attrlabl Sync="TRUE">Shape</attrlabl><attalias Sync="TRUE">Shape</attalias><attrtype Sync="TRUE">Geometry</attrtype><attwidth Sync="TRUE">0</attwidth><atprecis Sync="TRUE">0</atprecis><attscale Sync="TRUE">0</attscale><attrdef Sync="TRUE">Feature geometry.</attrdef><attrdefs Sync="TRUE">Esri</attrdefs><attrdomv><udom Sync="TRUE">Coordinates defining the features.</udom></attrdomv></attr><attr><attrlabl Sync="TRUE">OBJECTID</attrlabl><attalias Sync="TRUE">OBJECTID</attalias><attrtype Sync="TRUE">Integer</attrtype><attwidth Sync="TRUE">10</attwidth><atprecis Sync="TRUE">10</atprecis><attscale Sync="TRUE">0</attscale></attr><attr><attrlabl Sync="TRUE">POP1990</attrlabl><attalias Sync="TRUE">POP1990</attalias><attrtype Sync="TRUE">Integer</attrtype><attwidth Sync="TRUE">10</attwidth><atprecis Sync="TRUE">10</atprecis><attscale Sync="TRUE">0</attscale></attr><attr><attrlabl Sync="TRUE">POP2000</attrlabl><attalias Sync="TRUE">POP2000</attalias><attrtype Sync="TRUE">Integer</attrtype><attwidth Sync="TRUE">10</attwidth><atprecis Sync="TRUE">10</atprecis><attscale Sync="TRUE">0</attscale></attr><attr><attrlabl Sync="TRUE">ALLCRASH</attrlabl><attalias Sync="TRUE">ALLCRASH</attalias><attrtype Sync="TRUE">Integer</attrtype><attwidth Sync="TRUE">10</attwidth><atprecis Sync="TRUE">10</atprecis><attscale Sync="TRUE">0</attscale></attr><attr><attrlabl Sync="TRUE">FCRASH</attrlabl><attalias Sync="TRUE">FCRASH</attalias><attrtype Sync="TRUE">Integer</attrtype><attwidth Sync="TRUE">10</attwidth><atprecis Sync="TRUE">10</atprecis><attscale Sync="TRUE">0</attscale></attr><attr><attrlabl Sync="TRUE">MACRASH</attrlabl><attalias Sync="TRUE">MACRASH</attalias><attrtype Sync="TRUE">Integer</attrtype><attwidth Sync="TRUE">10</attwidth><atprecis Sync="TRUE">10</atprecis><attscale Sync="TRUE">0</attscale></attr><attr><attrlabl Sync="TRUE">MICRASH</attrlabl><attalias Sync="TRUE">MICRASH</attalias><attrtype Sync="TRUE">Integer</attrtype><attwidth Sync="TRUE">10</attwidth><atprecis Sync="TRUE">10</atprecis><attscale Sync="TRUE">0</attscale></attr><attr><attrlabl Sync="TRUE">POCRASH</attrlabl><attalias Sync="TRUE">POCRASH</attalias><attrtype Sync="TRUE">Integer</attrtype><attwidth Sync="TRUE">10</attwidth><atprecis Sync="TRUE">10</atprecis><attscale Sync="TRUE">0</attscale></attr><attr><attrlabl Sync="TRUE">PDOCRASH</attrlabl><attalias Sync="TRUE">PDOCRASH</attalias><attrtype Sync="TRUE">Integer</attrtype><attwidth Sync="TRUE">10</attwidth><atprecis Sync="TRUE">10</atprecis><attscale Sync="TRUE">0</attscale></attr><attr><attrlabl Sync="TRUE">TPROPDMG</attrlabl><attalias Sync="TRUE">TPROPDMG</attalias><attrtype Sync="TRUE">Integer</attrtype><attwidth Sync="TRUE">10</attwidth><atprecis Sync="TRUE">10</atprecis><attscale Sync="TRUE">0</attscale></attr><attr><attrlabl Sync="TRUE">ALLINJS</attrlabl><attalias Sync="TRUE">ALLINJS</attalias><attrtype Sync="TRUE">Integer</attrtype><attwidth Sync="TRUE">10</attwidth><atprecis Sync="TRUE">10</atprecis><attscale Sync="TRUE">0</attscale></attr><attr><attrlabl Sync="TRUE">TFATALITY</attrlabl><attalias Sync="TRUE">TFATALITY</attalias><attrtype Sync="TRUE">Integer</attrtype><attwidth Sync="TRUE">10</attwidth><atprecis Sync="TRUE">10</atprecis><attscale Sync="TRUE">0</attscale></attr><attr><attrlabl Sync="TRUE">TMAJINJ</attrlabl><attalias Sync="TRUE">TMAJINJ</attalias><attrtype Sync="TRUE">Integer</attrtype><attwidth Sync="TRUE">10</attwidth><atprecis Sync="TRUE">10</atprecis><attscale Sync="TRUE">0</attscale></attr><attr><attrlabl Sync="TRUE">TMININJ</attrlabl><attalias Sync="TRUE">TMININJ</attalias><attrtype Sync="TRUE">Integer</attrtype><attwidth Sync="TRUE">10</attwidth><atprecis Sync="TRUE">10</atprecis><attscale Sync="TRUE">0</attscale></attr><attr><attrlabl Sync="TRUE">TPOSSINJ</attrlabl><attalias Sync="TRUE">TPOSSINJ</attalias><attrtype Sync="TRUE">Integer</attrtype><attwidth Sync="TRUE">10</attwidth><atprecis Sync="TRUE">10</atprecis><attscale Sync="TRUE">0</attscale></attr><attr><attrlabl Sync="TRUE">TUNKINJ</attrlabl><attalias Sync="TRUE">TUNKINJ</attalias><attrtype Sync="TRUE">Integer</attrtype><attwidth Sync="TRUE">10</attwidth><atprecis Sync="TRUE">10</atprecis><attscale Sync="TRUE">0</attscale></attr><attr><attrlabl Sync="TRUE">ALCDRUGCR</attrlabl><attalias Sync="TRUE">ALCDRUGCR</attalias><attrtype Sync="TRUE">Integer</attrtype><attwidth Sync="TRUE">10</attwidth><atprecis Sync="TRUE">10</atprecis><attscale Sync="TRUE">0</attscale></attr><attr><attrlabl Sync="TRUE">ALCDRUGFCR</attrlabl><attalias Sync="TRUE">ALCDRUGFCR</attalias><attrtype Sync="TRUE">Integer</attrtype><attwidth Sync="TRUE">10</attwidth><atprecis Sync="TRUE">10</atprecis><attscale Sync="TRUE">0</attscale></attr><attr><attrlabl Sync="TRUE">ALCDRUGMCR</attrlabl><attalias Sync="TRUE">ALCDRUGMCR</attalias><attrtype Sync="TRUE">Integer</attrtype><attwidth Sync="TRUE">10</attwidth><atprecis Sync="TRUE">10</atprecis><attscale Sync="TRUE">0</attscale></attr><attr><attrlabl Sync="TRUE">ALCDRUGFAT</attrlabl><attalias Sync="TRUE">ALCDRUGFAT</attalias><attrtype Sync="TRUE">Integer</attrtype><attwidth Sync="TRUE">10</attwidth><atprecis Sync="TRUE">10</atprecis><attscale Sync="TRUE">0</attscale></attr><attr><attrlabl Sync="TRUE">ALCDRUGMAJ</attrlabl><attalias Sync="TRUE">ALCDRUGMAJ</attalias><attrtype Sync="TRUE">Integer</attrtype><attwidth Sync="TRUE">10</attwidth><atprecis Sync="TRUE">10</atprecis><attscale Sync="TRUE">0</attscale></attr><attr><attrlabl Sync="TRUE">ALCDRUGINJ</attrlabl><attalias Sync="TRUE">ALCDRUGINJ</attalias><attrtype Sync="TRUE">Integer</attrtype><attwidth Sync="TRUE">10</attwidth><atprecis Sync="TRUE">10</atprecis><attscale Sync="TRUE">0</attscale></attr><attr><attrlabl Sync="TRUE">ALCDRUGFI</attrlabl><attalias Sync="TRUE">ALCDRUGFI</attalias><attrtype Sync="TRUE">Integer</attrtype><attwidth Sync="TRUE">10</attwidth><atprecis Sync="TRUE">10</atprecis><attscale Sync="TRUE">0</attscale></attr><attr><attrlabl Sync="TRUE">ALCOCR</attrlabl><attalias Sync="TRUE">ALCOCR</attalias><attrtype Sync="TRUE">Integer</attrtype><attwidth Sync="TRUE">10</attwidth><atprecis Sync="TRUE">10</atprecis><attscale Sync="TRUE">0</attscale></attr><attr><attrlabl Sync="TRUE">ALCOFCR</attrlabl><attalias Sync="TRUE">ALCOFCR</attalias><attrtype Sync="TRUE">Integer</attrtype><attwidth Sync="TRUE">10</attwidth><atprecis Sync="TRUE">10</atprecis><attscale Sync="TRUE">0</attscale></attr><attr><attrlabl Sync="TRUE">ALCOMCR</attrlabl><attalias Sync="TRUE">ALCOMCR</attalias><attrtype Sync="TRUE">Integer</attrtype><attwidth Sync="TRUE">10</attwidth><atprecis Sync="TRUE">10</atprecis><attscale Sync="TRUE">0</attscale></attr><attr><attrlabl Sync="TRUE">ALCOFAT</attrlabl><attalias Sync="TRUE">ALCOFAT</attalias><attrtype Sync="TRUE">Integer</attrtype><attwidth Sync="TRUE">10</attwidth><atprecis Sync="TRUE">10</atprecis><attscale Sync="TRUE">0</attscale></attr><attr><attrlabl Sync="TRUE">ALCOMAJ</attrlabl><attalias Sync="TRUE">ALCOMAJ</attalias><attrtype Sync="TRUE">Integer</attrtype><attwidth Sync="TRUE">10</attwidth><atprecis Sync="TRUE">10</atprecis><attscale Sync="TRUE">0</attscale></attr><attr><attrlabl Sync="TRUE">ALCOINJ</attrlabl><attalias Sync="TRUE">ALCOINJ</attalias><attrtype Sync="TRUE">Integer</attrtype><attwidth Sync="TRUE">10</attwidth><atprecis Sync="TRUE">10</atprecis><attscale Sync="TRUE">0</attscale></attr><attr><attrlabl Sync="TRUE">ALCOFI</attrlabl><attalias Sync="TRUE">ALCOFI</attalias><attrtype Sync="TRUE">Integer</attrtype><attwidth Sync="TRUE">10</attwidth><atprecis Sync="TRUE">10</atprecis><attscale Sync="TRUE">0</attscale></attr><attr><attrlabl Sync="TRUE">MOTOCR</attrlabl><attalias Sync="TRUE">MOTOCR</attalias><attrtype Sync="TRUE">Integer</attrtype><attwidth Sync="TRUE">10</attwidth><atprecis Sync="TRUE">10</atprecis><attscale Sync="TRUE">0</attscale></attr><attr><attrlabl Sync="TRUE">MOTOFCR</attrlabl><attalias Sync="TRUE">MOTOFCR</attalias><attrtype Sync="TRUE">Integer</attrtype><attwidth Sync="TRUE">10</attwidth><atprecis Sync="TRUE">10</atprecis><attscale Sync="TRUE">0</attscale></attr><attr><attrlabl Sync="TRUE">MOTOMCR</attrlabl><attalias Sync="TRUE">MOTOMCR</attalias><attrtype Sync="TRUE">Integer</attrtype><attwidth Sync="TRUE">10</attwidth><atprecis Sync="TRUE">10</atprecis><attscale Sync="TRUE">0</attscale></attr><attr><attrlabl Sync="TRUE">MOTOFAT</attrlabl><attalias Sync="TRUE">MOTOFAT</attalias><attrtype Sync="TRUE">Integer</attrtype><attwidth Sync="TRUE">10</attwidth><atprecis Sync="TRUE">10</atprecis><attscale Sync="TRUE">0</attscale></attr><attr><attrlabl Sync="TRUE">MOTOMAJ</attrlabl><attalias Sync="TRUE">MOTOMAJ</attalias><attrtype Sync="TRUE">Integer</attrtype><attwidth Sync="TRUE">10</attwidth><atprecis Sync="TRUE">10</atprecis><attscale Sync="TRUE">0</attscale></attr><attr><attrlabl Sync="TRUE">MOTOINJ</attrlabl><attalias Sync="TRUE">MOTOINJ</attalias><attrtype Sync="TRUE">Integer</attrtype><attwidth Sync="TRUE">10</attwidth><atprecis Sync="TRUE">10</atprecis><attscale Sync="TRUE">0</attscale></attr><attr><attrlabl Sync="TRUE">MOTOFI</attrlabl><attalias Sync="TRUE">MOTOFI</attalias><attrtype Sync="TRUE">Integer</attrtype><attwidth Sync="TRUE">10</attwidth><atprecis Sync="TRUE">10</atprecis><attscale Sync="TRUE">0</attscale></attr><attr><attrlabl Sync="TRUE">PEDCR</attrlabl><attalias Sync="TRUE">PEDCR</attalias><attrtype Sync="TRUE">Integer</attrtype><attwidth Sync="TRUE">10</attwidth><atprecis Sync="TRUE">10</atprecis><attscale Sync="TRUE">0</attscale></attr><attr><attrlabl Sync="TRUE">PEDFCR</attrlabl><attalias Sync="TRUE">PEDFCR</attalias><attrtype Sync="TRUE">Integer</attrtype><attwidth Sync="TRUE">10</attwidth><atprecis Sync="TRUE">10</atprecis><attscale Sync="TRUE">0</attscale></attr><attr><attrlabl Sync="TRUE">PEDMCR</attrlabl><attalias Sync="TRUE">PEDMCR</attalias><attrtype Sync="TRUE">Integer</attrtype><attwidth Sync="TRUE">10</attwidth><atprecis Sync="TRUE">10</atprecis><attscale Sync="TRUE">0</attscale></attr><attr><attrlabl Sync="TRUE">PEDFAT</attrlabl><attalias Sync="TRUE">PEDFAT</attalias><attrtype Sync="TRUE">Integer</attrtype><attwidth Sync="TRUE">10</attwidth><atprecis Sync="TRUE">10</atprecis><attscale Sync="TRUE">0</attscale></attr><attr><attrlabl Sync="TRUE">PEDMAJ</attrlabl><attalias Sync="TRUE">PEDMAJ</attalias><attrtype Sync="TRUE">Integer</attrtype><attwidth Sync="TRUE">10</attwidth><atprecis Sync="TRUE">10</atprecis><attscale Sync="TRUE">0</attscale></attr><attr><attrlabl Sync="TRUE">PEDINJ</attrlabl><attalias Sync="TRUE">PEDINJ</attalias><attrtype Sync="TRUE">Integer</attrtype><attwidth Sync="TRUE">10</attwidth><atprecis Sync="TRUE">10</atprecis><attscale Sync="TRUE">0</attscale></attr><attr><attrlabl Sync="TRUE">PEDFI</attrlabl><attalias Sync="TRUE">PEDFI</attalias><attrtype Sync="TRUE">Integer</attrtype><attwidth Sync="TRUE">10</attwidth><atprecis Sync="TRUE">10</atprecis><attscale Sync="TRUE">0</attscale></attr><attr><attrlabl Sync="TRUE">BIKECR</attrlabl><attalias Sync="TRUE">BIKECR</attalias><attrtype Sync="TRUE">Integer</attrtype><attwidth Sync="TRUE">10</attwidth><atprecis Sync="TRUE">10</atprecis><attscale Sync="TRUE">0</attscale></attr><attr><attrlabl Sync="TRUE">BIKEFCR</attrlabl><attalias Sync="TRUE">BIKEFCR</attalias><attrtype Sync="TRUE">Integer</attrtype><attwidth Sync="TRUE">10</attwidth><atprecis Sync="TRUE">10</atprecis><attscale Sync="TRUE">0</attscale></attr><attr><attrlabl Sync="TRUE">BIKEMCR</attrlabl><attalias Sync="TRUE">BIKEMCR</attalias><attrtype Sync="TRUE">Integer</attrtype><attwidth Sync="TRUE">10</attwidth><atprecis Sync="TRUE">10</atprecis><attscale Sync="TRUE">0</attscale></attr><attr><attrlabl Sync="TRUE">BIKEFAT</attrlabl><attalias Sync="TRUE">BIKEFAT</attalias><attrtype Sync="TRUE">Integer</attrtype><attwidth Sync="TRUE">10</attwidth><atprecis Sync="TRUE">10</atprecis><attscale Sync="TRUE">0</attscale></attr><attr><attrlabl Sync="TRUE">BIKEMAJ</attrlabl><attalias Sync="TRUE">BIKEMAJ</attalias><attrtype Sync="TRUE">Integer</attrtype><attwidth Sync="TRUE">10</attwidth><atprecis Sync="TRUE">10</atprecis><attscale Sync="TRUE">0</attscale></attr><attr><attrlabl Sync="TRUE">BIKEINJ</attrlabl><attalias Sync="TRUE">BIKEINJ</attalias><attrtype Sync="TRUE">Integer</attrtype><attwidth Sync="TRUE">10</attwidth><atprecis Sync="TRUE">10</atprecis><attscale Sync="TRUE">0</attscale></attr><attr><attrlabl Sync="TRUE">BIKEFI</attrlabl><attalias Sync="TRUE">BIKEFI</attalias><attrtype Sync="TRUE">Integer</attrtype><attwidth Sync="TRUE">10</attwidth><atprecis Sync="TRUE">10</atprecis><attscale Sync="TRUE">0</attscale></attr><attr><attrlabl Sync="TRUE">SBUSCR</attrlabl><attalias Sync="TRUE">SBUSCR</attalias><attrtype Sync="TRUE">Integer</attrtype><attwidth Sync="TRUE">10</attwidth><atprecis Sync="TRUE">10</atprecis><attscale Sync="TRUE">0</attscale></attr><attr><attrlabl Sync="TRUE">SBUSFCR</attrlabl><attalias Sync="TRUE">SBUSFCR</attalias><attrtype Sync="TRUE">Integer</attrtype><attwidth Sync="TRUE">10</attwidth><atprecis Sync="TRUE">10</atprecis><attscale Sync="TRUE">0</attscale></attr><attr><attrlabl Sync="TRUE">SBUSMCR</attrlabl><attalias Sync="TRUE">SBUSMCR</attalias><attrtype Sync="TRUE">Integer</attrtype><attwidth Sync="TRUE">10</attwidth><atprecis Sync="TRUE">10</atprecis><attscale Sync="TRUE">0</attscale></attr><attr><attrlabl Sync="TRUE">SBUSFAT</attrlabl><attalias Sync="TRUE">SBUSFAT</attalias><attrtype Sync="TRUE">Integer</attrtype><attwidth Sync="TRUE">10</attwidth><atprecis Sync="TRUE">10</atprecis><attscale Sync="TRUE">0</attscale></attr><attr><attrlabl Sync="TRUE">SBUSMAJ</attrlabl><attalias Sync="TRUE">SBUSMAJ</attalias><attrtype Sync="TRUE">Integer</attrtype><attwidth Sync="TRUE">10</attwidth><atprecis Sync="TRUE">10</atprecis><attscale Sync="TRUE">0</attscale></attr><attr><attrlabl Sync="TRUE">SBUSINJ</attrlabl><attalias Sync="TRUE">SBUSINJ</attalias><attrtype Sync="TRUE">Integer</attrtype><attwidth Sync="TRUE">10</attwidth><atprecis Sync="TRUE">10</atprecis><attscale Sync="TRUE">0</attscale></attr><attr><attrlabl Sync="TRUE">SBUSFI</attrlabl><attalias Sync="TRUE">SBUSFI</attalias><attrtype Sync="TRUE">Integer</attrtype><attwidth Sync="TRUE">10</attwidth><atprecis Sync="TRUE">10</atprecis><attscale Sync="TRUE">0</attscale></attr><attr><attrlabl Sync="TRUE">NBUSCR</attrlabl><attalias Sync="TRUE">NBUSCR</attalias><attrtype Sync="TRUE">Integer</attrtype><attwidth Sync="TRUE">10</attwidth><atprecis Sync="TRUE">10</atprecis><attscale Sync="TRUE">0</attscale></attr><attr><attrlabl Sync="TRUE">NBUSFCR</attrlabl><attalias Sync="TRUE">NBUSFCR</attalias><attrtype Sync="TRUE">Integer</attrtype><attwidth Sync="TRUE">10</attwidth><atprecis Sync="TRUE">10</atprecis><attscale Sync="TRUE">0</attscale></attr><attr><attrlabl Sync="TRUE">NBUSMCR</attrlabl><attalias Sync="TRUE">NBUSMCR</attalias><attrtype Sync="TRUE">Integer</attrtype><attwidth Sync="TRUE">10</attwidth><atprecis Sync="TRUE">10</atprecis><attscale Sync="TRUE">0</attscale></attr><attr><attrlabl Sync="TRUE">NBUSFAT</attrlabl><attalias Sync="TRUE">NBUSFAT</attalias><attrtype Sync="TRUE">Integer</attrtype><attwidth Sync="TRUE">10</attwidth><atprecis Sync="TRUE">10</atprecis><attscale Sync="TRUE">0</attscale></attr><attr><attrlabl Sync="TRUE">NBUSMAJ</attrlabl><attalias Sync="TRUE">NBUSMAJ</attalias><attrtype Sync="TRUE">Integer</attrtype><attwidth Sync="TRUE">10</attwidth><atprecis Sync="TRUE">10</atprecis><attscale Sync="TRUE">0</attscale></attr><attr><attrlabl Sync="TRUE">NBUSINJ</attrlabl><attalias Sync="TRUE">NBUSINJ</attalias><attrtype Sync="TRUE">Integer</attrtype><attwidth Sync="TRUE">10</attwidth><atprecis Sync="TRUE">10</atprecis><attscale Sync="TRUE">0</attscale></attr><attr><attrlabl Sync="TRUE">NBUSFI</attrlabl><attalias Sync="TRUE">NBUSFI</attalias><attrtype Sync="TRUE">Integer</attrtype><attwidth Sync="TRUE">10</attwidth><atprecis Sync="TRUE">10</atprecis><attscale Sync="TRUE">0</attscale></attr><attr><attrlabl Sync="TRUE">TRKCR</attrlabl><attalias Sync="TRUE">TRKCR</attalias><attrtype Sync="TRUE">Integer</attrtype><attwidth Sync="TRUE">10</attwidth><atprecis Sync="TRUE">10</atprecis><attscale Sync="TRUE">0</attscale></attr><attr><attrlabl Sync="TRUE">TRKFCR</attrlabl><attalias Sync="TRUE">TRKFCR</attalias><attrtype Sync="TRUE">Integer</attrtype><attwidth Sync="TRUE">10</attwidth><atprecis Sync="TRUE">10</atprecis><attscale Sync="TRUE">0</attscale></attr><attr><attrlabl Sync="TRUE">TRKMCR</attrlabl><attalias Sync="TRUE">TRKMCR</attalias><attrtype Sync="TRUE">Integer</attrtype><attwidth Sync="TRUE">10</attwidth><atprecis Sync="TRUE">10</atprecis><attscale Sync="TRUE">0</attscale></attr><attr><attrlabl Sync="TRUE">TRKFAT</attrlabl><attalias Sync="TRUE">TRKFAT</attalias><attrtype Sync="TRUE">Integer</attrtype><attwidth Sync="TRUE">10</attwidth><atprecis Sync="TRUE">10</atprecis><attscale Sync="TRUE">0</attscale></attr><attr><attrlabl Sync="TRUE">TRKMAJ</attrlabl><attalias Sync="TRUE">TRKMAJ</attalias><attrtype Sync="TRUE">Integer</attrtype><attwidth Sync="TRUE">10</attwidth><atprecis Sync="TRUE">10</atprecis><attscale Sync="TRUE">0</attscale></attr><attr><attrlabl Sync="TRUE">TRKINJ</attrlabl><attalias Sync="TRUE">TRKINJ</attalias><attrtype Sync="TRUE">Integer</attrtype><attwidth Sync="TRUE">10</attwidth><atprecis Sync="TRUE">10</atprecis><attscale Sync="TRUE">0</attscale></attr><attr><attrlabl Sync="TRUE">TRKFI</attrlabl><attalias Sync="TRUE">TRKFI</attalias><attrtype Sync="TRUE">Integer</attrtype><attwidth Sync="TRUE">10</attwidth><atprecis Sync="TRUE">10</atprecis><attscale Sync="TRUE">0</attscale></attr><attr><attrlabl Sync="TRUE">HTRKCR</attrlabl><attalias Sync="TRUE">HTRKCR</attalias><attrtype Sync="TRUE">Integer</attrtype><attwidth Sync="TRUE">10</attwidth><atprecis Sync="TRUE">10</atprecis><attscale Sync="TRUE">0</attscale></attr><attr><attrlabl Sync="TRUE">HTRKFCR</attrlabl><attalias Sync="TRUE">HTRKFCR</attalias><attrtype Sync="TRUE">Integer</attrtype><attwidth Sync="TRUE">10</attwidth><atprecis Sync="TRUE">10</atprecis><attscale Sync="TRUE">0</attscale></attr><attr><attrlabl Sync="TRUE">HTRKMCR</attrlabl><attalias Sync="TRUE">HTRKMCR</attalias><attrtype Sync="TRUE">Integer</attrtype><attwidth Sync="TRUE">10</attwidth><atprecis Sync="TRUE">10</atprecis><attscale Sync="TRUE">0</attscale></attr><attr><attrlabl Sync="TRUE">HTRKFAT</attrlabl><attalias Sync="TRUE">HTRKFAT</attalias><attrtype Sync="TRUE">Integer</attrtype><attwidth Sync="TRUE">10</attwidth><atprecis Sync="TRUE">10</atprecis><attscale Sync="TRUE">0</attscale></attr><attr><attrlabl Sync="TRUE">HTRKMAJ</attrlabl><attalias Sync="TRUE">HTRKMAJ</attalias><attrtype Sync="TRUE">Integer</attrtype><attwidth Sync="TRUE">10</attwidth><atprecis Sync="TRUE">10</atprecis><attscale Sync="TRUE">0</attscale></attr><attr><attrlabl Sync="TRUE">HTRKINJ</attrlabl><attalias Sync="TRUE">HTRKINJ</attalias><attrtype Sync="TRUE">Integer</attrtype><attwidth Sync="TRUE">10</attwidth><atprecis Sync="TRUE">10</atprecis><attscale Sync="TRUE">0</attscale></attr><attr><attrlabl Sync="TRUE">HTRKFI</attrlabl><attalias Sync="TRUE">HTRKFI</attalias><attrtype Sync="TRUE">Integer</attrtype><attwidth Sync="TRUE">10</attwidth><atprecis Sync="TRUE">10</atprecis><attscale Sync="TRUE">0</attscale></attr><attr><attrlabl Sync="TRUE">JAN</attrlabl><attalias Sync="TRUE">JAN</attalias><attrtype Sync="TRUE">Integer</attrtype><attwidth Sync="TRUE">10</attwidth><atprecis Sync="TRUE">10</atprecis><attscale Sync="TRUE">0</attscale></attr><attr><attrlabl Sync="TRUE">FEB</attrlabl><attalias Sync="TRUE">FEB</attalias><attrtype Sync="TRUE">Integer</attrtype><attwidth Sync="TRUE">10</attwidth><atprecis Sync="TRUE">10</atprecis><attscale Sync="TRUE">0</attscale></attr><attr><attrlabl Sync="TRUE">MAR</attrlabl><attalias Sync="TRUE">MAR</attalias><attrtype Sync="TRUE">Integer</attrtype><attwidth Sync="TRUE">10</attwidth><atprecis Sync="TRUE">10</atprecis><attscale Sync="TRUE">0</attscale></attr><attr><attrlabl Sync="TRUE">APR</attrlabl><attalias Sync="TRUE">APR</attalias><attrtype Sync="TRUE">Integer</attrtype><attwidth Sync="TRUE">10</attwidth><atprecis Sync="TRUE">10</atprecis><attscale Sync="TRUE">0</attscale></attr><attr><attrlabl Sync="TRUE">MAY</attrlabl><attalias Sync="TRUE">MAY</attalias><attrtype Sync="TRUE">Integer</attrtype><attwidth Sync="TRUE">10</attwidth><atprecis Sync="TRUE">10</atprecis><attscale Sync="TRUE">0</attscale></attr><attr><attrlabl Sync="TRUE">JUN</attrlabl><attalias Sync="TRUE">JUN</attalias><attrtype Sync="TRUE">Integer</attrtype><attwidth Sync="TRUE">10</attwidth><atprecis Sync="TRUE">10</atprecis><attscale Sync="TRUE">0</attscale></attr><attr><attrlabl Sync="TRUE">JUL</attrlabl><attalias Sync="TRUE">JUL</attalias><attrtype Sync="TRUE">Integer</attrtype><attwidth Sync="TRUE">10</attwidth><atprecis Sync="TRUE">10</atprecis><attscale Sync="TRUE">0</attscale></attr><attr><attrlabl Sync="TRUE">AUG</attrlabl><attalias Sync="TRUE">AUG</attalias><attrtype Sync="TRUE">Integer</attrtype><attwidth Sync="TRUE">10</attwidth><atprecis Sync="TRUE">10</atprecis><attscale Sync="TRUE">0</attscale></attr><attr><attrlabl Sync="TRUE">SEP</attrlabl><attalias Sync="TRUE">SEP</attalias><attrtype Sync="TRUE">Integer</attrtype><attwidth Sync="TRUE">10</attwidth><atprecis Sync="TRUE">10</atprecis><attscale Sync="TRUE">0</attscale></attr><attr><attrlabl Sync="TRUE">OCT</attrlabl><attalias Sync="TRUE">OCT</attalias><attrtype Sync="TRUE">Integer</attrtype><attwidth Sync="TRUE">10</attwidth><atprecis Sync="TRUE">10</atprecis><attscale Sync="TRUE">0</attscale></attr><attr><attrlabl Sync="TRUE">NOV</attrlabl><attalias Sync="TRUE">NOV</attalias><attrtype Sync="TRUE">Integer</attrtype><attwidth Sync="TRUE">10</attwidth><atprecis Sync="TRUE">10</atprecis><attscale Sync="TRUE">0</attscale></attr><attr><attrlabl Sync="TRUE">DEC</attrlabl><attalias Sync="TRUE">DEC</attalias><attrtype Sync="TRUE">Integer</attrtype><attwidth Sync="TRUE">10</attwidth><atprecis Sync="TRUE">10</atprecis><attscale Sync="TRUE">0</attscale></attr><attr><attrlabl Sync="TRUE">HOUR1</attrlabl><attalias Sync="TRUE">HOUR1</attalias><attrtype Sync="TRUE">Integer</attrtype><attwidth Sync="TRUE">10</attwidth><atprecis Sync="TRUE">10</atprecis><attscale Sync="TRUE">0</attscale></attr><attr><attrlabl Sync="TRUE">HOUR2</attrlabl><attalias Sync="TRUE">HOUR2</attalias><attrtype Sync="TRUE">Integer</attrtype><attwidth Sync="TRUE">10</attwidth><atprecis Sync="TRUE">10</atprecis><attscale Sync="TRUE">0</attscale></attr><attr><attrlabl Sync="TRUE">HOUR3</attrlabl><attalias Sync="TRUE">HOUR3</attalias><attrtype Sync="TRUE">Integer</attrtype><attwidth Sync="TRUE">10</attwidth><atprecis Sync="TRUE">10</atprecis><attscale Sync="TRUE">0</attscale></attr><attr><attrlabl Sync="TRUE">HOUR4</attrlabl><attalias Sync="TRUE">HOUR4</attalias><attrtype Sync="TRUE">Integer</attrtype><attwidth Sync="TRUE">10</attwidth><atprecis Sync="TRUE">10</atprecis><attscale Sync="TRUE">0</attscale></attr><attr><attrlabl Sync="TRUE">HOUR5</attrlabl><attalias Sync="TRUE">HOUR5</attalias><attrtype Sync="TRUE">Integer</attrtype><attwidth Sync="TRUE">10</attwidth><atprecis Sync="TRUE">10</atprecis><attscale Sync="TRUE">0</attscale></attr><attr><attrlabl Sync="TRUE">HOUR6</attrlabl><attalias Sync="TRUE">HOUR6</attalias><attrtype Sync="TRUE">Integer</attrtype><attwidth Sync="TRUE">10</attwidth><atprecis Sync="TRUE">10</atprecis><attscale Sync="TRUE">0</attscale></attr><attr><attrlabl Sync="TRUE">HOUR7</attrlabl><attalias Sync="TRUE">HOUR7</attalias><attrtype Sync="TRUE">Integer</attrtype><attwidth Sync="TRUE">10</attwidth><atprecis Sync="TRUE">10</atprecis><attscale Sync="TRUE">0</attscale></attr><attr><attrlabl Sync="TRUE">HOUR8</attrlabl><attalias Sync="TRUE">HOUR8</attalias><attrtype Sync="TRUE">Integer</attrtype><attwidth Sync="TRUE">10</attwidth><atprecis Sync="TRUE">10</atprecis><attscale Sync="TRUE">0</attscale></attr><attr><attrlabl Sync="TRUE">HOUR9</attrlabl><attalias Sync="TRUE">HOUR9</attalias><attrtype Sync="TRUE">Integer</attrtype><attwidth Sync="TRUE">10</attwidth><atprecis Sync="TRUE">10</atprecis><attscale Sync="TRUE">0</attscale></attr><attr><attrlabl Sync="TRUE">HOUR10</attrlabl><attalias Sync="TRUE">HOUR10</attalias><attrtype Sync="TRUE">Integer</attrtype><attwidth Sync="TRUE">10</attwidth><atprecis Sync="TRUE">10</atprecis><attscale Sync="TRUE">0</attscale></attr><attr><attrlabl Sync="TRUE">HOUR11</attrlabl><attalias Sync="TRUE">HOUR11</attalias><attrtype Sync="TRUE">Integer</attrtype><attwidth Sync="TRUE">10</attwidth><atprecis Sync="TRUE">10</atprecis><attscale Sync="TRUE">0</attscale></attr><attr><attrlabl Sync="TRUE">HOUR12</attrlabl><attalias Sync="TRUE">HOUR12</attalias><attrtype Sync="TRUE">Integer</attrtype><attwidth Sync="TRUE">10</attwidth><atprecis Sync="TRUE">10</atprecis><attscale Sync="TRUE">0</attscale></attr><attr><attrlabl Sync="TRUE">YEAR</attrlabl><attalias Sync="TRUE">YEAR</attalias><attrtype Sync="TRUE">String</attrtype><attwidth Sync="TRUE">80</attwidth><atprecis Sync="TRUE">0</atprecis><attscale Sync="TRUE">0</attscale></attr><attr><attrlabl Sync="TRUE">COUNTY_NUM</attrlabl><attalias Sync="TRUE">COUNTY_NUM</attalias><attrtype Sync="TRUE">Integer</attrtype><attwidth Sync="TRUE">10</attwidth><atprecis Sync="TRUE">10</atprecis><attscale Sync="TRUE">0</attscale></attr><attr><attrlabl Sync="TRUE">COUNTY_NAM</attrlabl><attalias Sync="TRUE">COUNTY_NAM</attalias><attrtype Sync="TRUE">String</attrtype><attwidth Sync="TRUE">80</attwidth><atprecis Sync="TRUE">0</atprecis><attscale Sync="TRUE">0</attscale></attr><attr><attrlabl Sync="TRUE">POP2010</attrlabl><attalias Sync="TRUE">POP2010</attalias><attrtype Sync="TRUE">Integer</attrtype><attwidth Sync="TRUE">10</attwidth><atprecis Sync="TRUE">10</atprecis><attscale Sync="TRUE">0</attscale></attr><attr><attrlabl Sync="TRUE">REST_UPDAT</attrlabl><attalias Sync="TRUE">REST_UPDAT</attalias><attrtype Sync="TRUE">String</attrtype><attwidth Sync="TRUE">80</attwidth><atprecis Sync="TRUE">0</atprecis><attscale Sync="TRUE">0</attscale></attr><attr><attrlabl Sync="TRUE">REST_UTC_O</attrlabl><attalias Sync="TRUE">REST_UTC_O</attalias><attrtype Sync="TRUE">String</attrtype><attwidth Sync="TRUE">80</attwidth><atprecis Sync="TRUE">0</atprecis><attscale Sync="TRUE">0</attscale></attr><attr><attrlabl Sync="TRUE">AREA_ACRE</attrlabl><attalias Sync="TRUE">AREA_ACRE</attalias><attrtype Sync="TRUE">Double</attrtype><attwidth Sync="TRUE">19</attwidth><atprecis Sync="TRUE">0</atprecis><attscale Sync="TRUE">0</attscale></attr><attr><attrlabl Sync="TRUE">PERIMETER_</attrlabl><attalias Sync="TRUE">PERIMETER_</attalias><attrtype Sync="TRUE">Double</attrtype><attwidth Sync="TRUE">19</attwidth><atprecis Sync="TRUE">0</atprecis><attscale Sync="TRUE">0</attscale></attr><attr><attrlabl Sync="TRUE">Shape__Are</attrlabl><attalias Sync="TRUE">Shape__Are</attalias><attrtype Sync="TRUE">Double</attrtype><attwidth Sync="TRUE">19</attwidth><atprecis Sync="TRUE">0</atprecis><attscale Sync="TRUE">0</attscale></attr><attr><attrlabl Sync="TRUE">Shape__Len</attrlabl><attalias Sync="TRUE">Shape__Len</attalias><attrtype Sync="TRUE">Double</attrtype><attwidth Sync="TRUE">19</attwidth><atprecis Sync="TRUE">0</atprecis><attscale Sync="TRUE">0</attscale></attr><attr><attrlabl Sync="TRUE">Shape_Leng</attrlabl><attalias Sync="TRUE">Shape_Leng</attalias><attrtype Sync="TRUE">Double</attrtype><attwidth Sync="TRUE">19</attwidth><atprecis Sync="TRUE">0</atprecis><attscale Sync="TRUE">0</attscale></attr><attr><attrlabl Sync="TRUE">Shape_Area</attrlabl><attalias Sync="TRUE">Shape_Area</attalias><attrtype Sync="TRUE">Double</attrtype><attwidth Sync="TRUE">19</attwidth><atprecis Sync="TRUE">0</atprecis><attscale Sync="TRUE">0</attscale><attrdef Sync="TRUE">Area of feature in internal units squared.</attrdef><attrdefs Sync="TRUE">Esri</attrdefs><attrdomv><udom Sync="TRUE">Positive real numbers that are automatically generated.</udom></attrdomv></attr></detailed></eainfo><mdDateSt Sync="TRUE">20191114</mdDateSt></metadata>
